{"name":"ca70015c-7796-46dd-be70-9fe01b1eb2c0","id":"/providers/Microsoft.Flow/flows/ca70015c-7796-46dd-be70-9fe01b1eb2c0","type":"Microsoft.Flow/flows","properties":{"apiId":"/providers/Microsoft.PowerApps/apis/shared_logicflows","displayName":"Weekly Birthday Reminder","definition":{"metadata":{"workflowEntityId":null,"processAdvisorMetadata":null,"flowChargedByPaygo":null,"flowclientsuspensionreason":"None","flowclientsuspensiontime":null,"flowclientsuspensionreasondetails":null,"creator":{"id":"90ccbe03-4fe4-444f-a1e5-3803d5dab93c","type":"User","tenantId":"f432b383-e7a6-4748-9cca-eb16c35b47f0"},"provisioningMethod":"FromDefinition","failureAlertSubscription":true,"clientLastModifiedTime":"2025-04-22T00:33:45.5862345Z","connectionKeySavedTimeKey":"2025-04-22T00:33:45.5862345Z","creationSource":"Portal","modifiedSources":"Portal"},"$schema":"https://schema.management.azure.com/providers/Microsoft.Logic/schemas/2016-06-01/workflowdefinition.json#","contentVersion":"undefined","parameters":{"$authentication":{"defaultValue":{},"type":"SecureObject"},"$connections":{"defaultValue":{},"type":"Object"}},"triggers":{"Recurrence":{"recurrence":{"frequency":"Day","interval":"1","startTime":"2025-04-21T16:00:00Z","timeZone":"AUS Eastern Standard Time"},"type":"Recurrence"}},"actions":{"Get_items":{"runAfter":{},"type":"OpenApiConnection","inputs":{"parameters":{"dataset":"https://haref.sharepoint.com/sites/Chuck'sProject","table":"4d5a0871-9fb0-434d-8f72-630dd139121a","$filter":"BirthDate ne null\n"},"host":{"apiId":"/providers/Microsoft.PowerApps/apis/shared_sharepointonline","connectionName":"shared_sharepointonline-1","operationId":"GetItems"},"authentication":"@parameters('$authentication')"}},"Initialize_variable":{"runAfter":{"Get_items":["Succeeded"]},"type":"InitializeVariable","inputs":{"variables":[{"name":"UpcomingBirthdays","type":"array"}]}},"Apply_to_each_Loop_Through_Items":{"foreach":"@outputs('Get_items')?['body/value']","actions":{"Today":{"type":"Compose","inputs":"@convertTimeZone(utcNow(), 'UTC', 'AUS Eastern Standard Time', 'dd-MM-yyyy')\r\n"},"Today_+_7_Days":{"runAfter":{"Today":["Succeeded"]},"type":"Compose","inputs":"@convertTimeZone(addDays(utcNow(), 7), 'UTC', 'AUS Eastern Standard Time', 'dd-MM-yyyy')\r\n"},"FormattedBirthDate":{"runAfter":{"Today_+_7_Days":["Succeeded"]},"type":"Compose","inputs":"@formatDateTime(items('Apply_to_each_Loop_Through_Items')?['BirthDate'], 'dd-MM-yyyy')"},"Condition_Is_birthday_within_next_7_days":{"actions":{"Append_to_array_variable":{"type":"AppendToArrayVariable","inputs":{"name":"UpcomingBirthdays","value":"@{items('Apply_to_each_Loop_Through_Items')?['Title']}@{items('Apply_to_each_Loop_Through_Items')?['BirthDate']}"}}},"runAfter":{"FormattedBirthDate":["Succeeded"]},"else":{"actions":{}},"expression":{"and":[{"greaterOrEquals":["@outputs('FormattedBirthDate')","@outputs('Today')"]},{"lessOrEquals":["@outputs('FormattedBirthDate')","@outputs('Today_+_7_Days')"]}]},"type":"If"}},"runAfter":{"Initialize_variable":["Succeeded"]},"type":"Foreach"},"Condition_Are_there_any_birthdays":{"actions":{"For_each":{"foreach":"@outputs('Get_items')?['body/value']","actions":{"Create_HTML_table":{"type":"Table","inputs":{"from":"@variables('UpcomingBirthdays')","format":"HTML","columns":[{"header":"@items('For_each')?['Title']","value":"@items('For_each')?['Title']"},{"header":"@items('For_each')?['BirthDate']","value":"@items('For_each')?['BirthDate']"}]}}},"type":"Foreach"},"Send_an_email_(V2)":{"runAfter":{"For_each":["Succeeded"]},"type":"OpenApiConnection","inputs":{"parameters":{"emailMessage/To":"abel@techfluentacademy.com","emailMessage/Subject":"🎉 Upcoming Employee Birthdays This Week!","emailMessage/Body":"<p class=\"editor-paragraph\">Hi Boss,</p><p class=\"editor-paragraph\"><br>Here are the upcoming birthdays in the next 7 days:<br><br>@{variables('UpcomingBirthdays')}<br><br>Don’t forget to wish them a happy birthday!</p><p class=\"editor-paragraph\"><br>🎂Have a great day!</p><p class=\"editor-paragraph\"><br>Abel</p>","emailMessage/Importance":"Normal"},"host":{"apiId":"/providers/Microsoft.PowerApps/apis/shared_office365","connectionName":"shared_office365","operationId":"SendEmailV2"},"authentication":"@parameters('$authentication')"}}},"runAfter":{"Apply_to_each_Loop_Through_Items":["Succeeded"]},"else":{"actions":{"Send_an_email_(V2)_1":{"type":"OpenApiConnection","inputs":{"parameters":{"emailMessage/To":"abel@techfluentacademy.com","emailMessage/Subject":"No Birthdays This Week","emailMessage/Body":"<p class=\"editor-paragraph\">Hi Boss,<br><br>There are no employee birthdays in the next 7 days. 🎈</p><br><p class=\"editor-paragraph\">Thanks</p><br><p class=\"editor-paragraph\">Abel</p>","emailMessage/Importance":"Normal"},"host":{"apiId":"/providers/Microsoft.PowerApps/apis/shared_office365","connectionName":"shared_office365","operationId":"SendEmailV2"},"authentication":"@parameters('$authentication')"}}}},"expression":{"and":[{"greater":["@length(variables('UpcomingBirthdays'))\r\n",0]}]},"type":"If"}}},"connectionReferences":{"shared_sharepointonline-1":{"connectionName":"shared-sharepointonl-8c1bcf48-7a2e-4ee4-82f8-8c2f6a64dbad","source":"Embedded","id":"/providers/Microsoft.PowerApps/apis/shared_sharepointonline","tier":"NotSpecified","apiName":"sharepointonline"},"shared_office365":{"connectionName":"shared-office365-71060bd0-c39e-4f81-a2c1-50cf08166f5f","source":"Embedded","id":"/providers/Microsoft.PowerApps/apis/shared_office365","tier":"NotSpecified","apiName":"office365"}},"flowFailureAlertSubscribed":false,"isManaged":false}}